	precision	recall	f1-score	support
angry	0.96875	0.9393939393939394	0.9538461538461539	33.0
happy	0.95	0.8636363636363636	0.9047619047619048	66.0
neutral	0.8461538461538461	1.0	0.9166666666666666	66.0
questioning	1.0	1.0	1.0	32.0
sad	0.9830508474576272	0.8923076923076924	0.9354838709677421	65.0
surprise	0.9402985074626866	0.9545454545454546	0.9473684210526316	66.0
accuracy	0.9359756097560976	0.9359756097560976	0.9359756097560976	0.9359756097560976
macro avg	0.9480422001790266	0.9416472416472418	0.9430211695491831	328.0
weighted avg	0.9404661903153565	0.9359756097560976	0.9360487079072736	328.0
