	precision	recall	f1-score	support
angry	0.868421052631579	1.0	0.9295774647887324	33.0
happy	0.9807692307692307	0.7727272727272727	0.864406779661017	66.0
neutral	0.8533333333333334	0.9696969696969697	0.9078014184397163	66.0
questioning	1.0	1.0	1.0	32.0
sad	0.9827586206896551	0.8769230769230769	0.9268292682926829	65.0
surprise	0.8904109589041096	0.9848484848484849	0.935251798561151	66.0
accuracy	0.9207317073170732	0.9207317073170732	0.9207317073170732	0.9207317073170732
macro avg	0.9292821993879846	0.934032634032634	0.9273111216238833	328.0
weighted avg	0.927911882927165	0.9207317073170732	0.9195497516973686	328.0
