	precision	recall	f1-score	support
angry	0.96875	0.9393939393939394	0.9538461538461539	33.0
happy	0.9508196721311475	0.8787878787878788	0.9133858267716536	66.0
neutral	0.8441558441558441	0.9848484848484849	0.9090909090909091	66.0
questioning	1.0	1.0	1.0	32.0
sad	0.9827586206896551	0.8769230769230769	0.9268292682926829	65.0
surprise	0.9264705882352942	0.9545454545454546	0.9402985074626866	66.0
accuracy	0.9329268292682927	0.9329268292682927	0.9329268292682927	0.9329268292682927
macro avg	0.9454924542019901	0.9390831390831392	0.940575110910681	328.0
weighted avg	0.9373887294003	0.9329268292682927	0.9331219255347986	328.0
