	precision	recall	f1-score	support
angry	1.0	0.9696969696969697	0.9846153846153847	33.0
happy	0.9193548387096774	0.8636363636363636	0.890625	66.0
neutral	0.8493150684931506	0.9393939393939394	0.8920863309352518	66.0
questioning	1.0	1.0	1.0	32.0
sad	0.95	0.8769230769230769	0.912	65.0
surprise	0.927536231884058	0.9696969696969697	0.9481481481481481	66.0
accuracy	0.926829268292683	0.926829268292683	0.926829268292683	0.926829268292683
macro avg	0.9410343565144809	0.9365578865578866	0.9379124772831307	328.0
weighted avg	0.9289622109138246	0.926829268292683	0.9268568088774758	328.0
