	precision	recall	f1-score	support
angry	1.0	0.9696969696969697	0.9846153846153847	33.0
happy	0.9482758620689655	0.8333333333333334	0.8870967741935484	66.0
neutral	0.8421052631578947	0.9696969696969697	0.9014084507042254	66.0
questioning	1.0	1.0	1.0	32.0
sad	0.9655172413793104	0.8615384615384616	0.9105691056910569	65.0
surprise	0.9027777777777778	0.9848484848484849	0.9420289855072465	66.0
accuracy	0.926829268292683	0.926829268292683	0.926829268292683	0.926829268292683
macro avg	0.9431126907306581	0.9365190365190367	0.9376197834519102	328.0
weighted avg	0.9314241106340283	0.926829268292683	0.9265077971004808	328.0
