	precision	recall	f1-score	support
angry	1.0	0.9393939393939394	0.96875	33.0
happy	0.890625	0.8636363636363636	0.8769230769230768	66.0
neutral	0.8205128205128205	0.9696969696969697	0.8888888888888888	66.0
questioning	1.0	1.0	1.0	32.0
sad	0.9655172413793104	0.8615384615384616	0.9105691056910569	65.0
surprise	0.9384615384615385	0.9242424242424242	0.9312977099236641	66.0
accuracy	0.9176829268292683	0.9176829268292683	0.9176829268292683	0.9176829268292683
macro avg	0.9358527667256116	0.9264180264180264	0.9294047969044478	328.0
weighted avg	0.9226590804328136	0.9176829268292683	0.9181859160624094	328.0
