	precision	recall	f1-score	support
angry	0.9696969696969697	0.9696969696969697	0.9696969696969697	33.0
happy	0.95	0.8636363636363636	0.9047619047619048	66.0
neutral	0.8333333333333334	0.9848484848484849	0.9027777777777777	66.0
questioning	1.0	1.0	1.0	32.0
sad	0.9824561403508771	0.8615384615384616	0.9180327868852458	65.0
surprise	0.9558823529411765	0.9848484848484849	0.9701492537313432	66.0
accuracy	0.9359756097560976	0.9359756097560976	0.9359756097560976	0.9359756097560976
macro avg	0.9485614660537262	0.9440947940947941	0.9442364488088734	328.0
weighted avg	0.940999647612575	0.9359756097560976	0.9359743931141119	328.0
