	precision	recall	f1-score	support
angry	0.9696969696969697	0.9696969696969697	0.9696969696969697	33.0
happy	0.9298245614035088	0.803030303030303	0.8617886178861788	66.0
neutral	0.8552631578947368	0.9848484848484849	0.9154929577464789	66.0
questioning	1.0	1.0	1.0	32.0
sad	0.967741935483871	0.9230769230769231	0.9448818897637796	65.0
surprise	0.9411764705882353	0.9696969696969697	0.955223880597015	66.0
accuracy	0.9329268292682927	0.9329268292682927	0.9329268292682927	0.9329268292682927
macro avg	0.9439505158445537	0.9417249417249418	0.941180719281737	328.0
weighted avg	0.9354776290821931	0.9329268292682927	0.9322033016640368	328.0
