	precision	recall	f1-score	support
angry	0.9411764705882353	0.9696969696969697	0.955223880597015	33.0
happy	0.7910447761194029	0.803030303030303	0.7969924812030075	66.0
neutral	0.835820895522388	0.8484848484848485	0.8421052631578948	66.0
questioning	1.0	0.9375	0.967741935483871	32.0
sad	0.9682539682539683	0.9384615384615385	0.953125	65.0
surprise	0.8805970149253731	0.8939393939393939	0.887218045112782	66.0
accuracy	0.8871951219512195	0.8871951219512195	0.8871951219512195	0.8871951219512195
macro avg	0.9028155209015613	0.8985188422688423	0.9004011009257616	328.0
weighted avg	0.8886825267663188	0.8871951219512195	0.8877441984769772	328.0
