	precision	recall	f1-score	support
angry	1.0	0.9696969696969697	0.9846153846153847	33.0
happy	0.8157894736842105	0.9393939393939394	0.8732394366197183	66.0
neutral	0.8266666666666667	0.9393939393939394	0.8794326241134751	66.0
questioning	1.0	1.0	1.0	32.0
sad	1.0	0.8153846153846154	0.8983050847457628	65.0
surprise	0.9666666666666667	0.8787878787878788	0.9206349206349207	66.0
accuracy	0.9115853658536586	0.9115853658536586	0.9115853658536586	0.9115853658536586
macro avg	0.9348538011695906	0.9237762237762238	0.926037908454877	328.0
weighted avg	0.9213478818998716	0.9115853658536586	0.9125621919849932	328.0
