	precision	recall	f1-score	support
angry	0.8636363636363636	0.5757575757575758	0.6909090909090909	33.0
happy	0.7101449275362319	0.7424242424242424	0.725925925925926	66.0
neutral	0.7121212121212122	0.7121212121212122	0.7121212121212122	66.0
questioning	0.0	0.0	0.0	32.0
sad	0.8405797101449275	0.8923076923076924	0.8656716417910447	65.0
surprise	0.5980392156862745	0.9242424242424242	0.7261904761904762	66.0
accuracy	0.7134146341463414	0.7134146341463414	0.7134146341463414	0.7134146341463414
macro avg	0.620753571520835	0.6411421911421912	0.6201363911562916	328.0
weighted avg	0.6599933982076394	0.7134146341463414	0.6765498148051843	328.0
