	precision	recall	f1-score	support
angry	0.7560975609756098	0.9393939393939394	0.8378378378378378	33.0
happy	0.8181818181818182	0.13636363636363635	0.23376623376623376	66.0
neutral	0.6440677966101694	0.5757575757575758	0.608	66.0
questioning	0.9032258064516129	0.875	0.8888888888888888	32.0
sad	1.0	0.5230769230769231	0.686868686868687	65.0
surprise	0.4144736842105263	0.9545454545454546	0.5779816513761468	66.0
accuracy	0.6189024390243902	0.6189024390243902	0.6189024390243902	0.6189024390243902
macro avg	0.7560077777382895	0.6673562548562547	0.6388905497896323	328.0
weighted avg	0.7399944605268679	0.6189024390243902	0.5928137748748623	328.0
