	precision	recall	f1-score	support
angry	0.7837837837837838	0.8787878787878788	0.8285714285714285	33.0
happy	0.8518518518518519	0.696969696969697	0.7666666666666667	66.0
neutral	0.782051282051282	0.9242424242424242	0.8472222222222222	66.0
questioning	1.0	1.0	1.0	32.0
sad	0.967741935483871	0.9230769230769231	0.9448818897637796	65.0
surprise	0.9384615384615385	0.9242424242424242	0.9312977099236641	66.0
accuracy	0.8810975609756098	0.8810975609756098	0.8810975609756098	0.8810975609756098
macro avg	0.8873150652720545	0.8912198912198912	0.8864399861912936	328.0
weighted avg	0.8858053629493442	0.8810975609756098	0.8803124862778394	328.0
