	precision	recall	f1-score	support
angry	1.0	0.6666666666666666	0.8	33.0
happy	0.7857142857142857	0.8333333333333334	0.8088235294117647	66.0
neutral	0.8169014084507042	0.8787878787878788	0.8467153284671534	66.0
questioning	0.9411764705882353	1.0	0.9696969696969697	32.0
sad	0.9090909090909091	0.9230769230769231	0.9160305343511451	65.0
surprise	0.9230769230769231	0.9090909090909091	0.9160305343511451	66.0
accuracy	0.875	0.875	0.875	0.875
macro avg	0.8959933328201762	0.8684926184926186	0.8762161493796962	328.0
weighted avg	0.8808056978283503	0.875	0.8740727672265599	328.0
