	precision	recall	f1-score	support
angry	0.9411764705882353	0.9696969696969697	0.955223880597015	33.0
happy	0.9827586206896551	0.8636363636363636	0.9193548387096775	66.0
neutral	0.8904109589041096	0.9848484848484849	0.935251798561151	66.0
questioning	0.9696969696969697	1.0	0.9846153846153847	32.0
sad	0.9846153846153847	0.9846153846153847	0.9846153846153847	65.0
surprise	0.9692307692307692	0.9545454545454546	0.9618320610687022	66.0
accuracy	0.9542682926829268	0.9542682926829268	0.9542682926829268	0.9542682926829268
macro avg	0.9563148622875207	0.9595571095571097	0.9568155580278859	328.0
weighted avg	0.9563644804333356	0.9542682926829268	0.9540092513957403	328.0
