	precision	recall	f1-score	support
angry	0.9696969696969697	0.9696969696969697	0.9696969696969697	33.0
happy	0.9836065573770492	0.9090909090909091	0.9448818897637795	66.0
neutral	0.9411764705882353	0.9696969696969697	0.955223880597015	66.0
questioning	0.9696969696969697	1.0	0.9846153846153847	32.0
sad	0.984375	0.9692307692307692	0.9767441860465116	65.0
surprise	0.927536231884058	0.9696969696969697	0.9481481481481481	66.0
accuracy	0.9603658536585366	0.9603658536585366	0.9603658536585366	0.9603658536585366
macro avg	0.962681366540547	0.9645687645687646	0.9632184098113014	328.0
weighted avg	0.9611821621352429	0.9603658536585366	0.9603073872631275	328.0
