	precision	recall	f1-score	support
angry	0.8648648648648649	0.9696969696969697	0.9142857142857143	33.0
happy	0.8813559322033898	0.7878787878787878	0.832	66.0
neutral	0.8311688311688312	0.9696969696969697	0.8951048951048951	66.0
questioning	1.0	0.03125	0.06060606060606061	32.0
sad	0.9830508474576272	0.8923076923076924	0.9354838709677421	65.0
surprise	0.6421052631578947	0.9242424242424242	0.7577639751552795	66.0
accuracy	0.8170731707317073	0.8170731707317073	0.8170731707317073	0.8170731707317073
macro avg	0.8670909564754345	0.7625121406371407	0.7325407526866153	328.0
weighted avg	0.8531842298057134	0.8170731707317073	0.7832884742710282	328.0
