	precision	recall	f1-score	support
angry	0.7	0.8484848484848485	0.7671232876712328	33.0
happy	0.6	0.045454545454545456	0.08450704225352113	66.0
neutral	0.48717948717948717	0.2878787878787879	0.3619047619047619	66.0
questioning	0.6590909090909091	0.90625	0.763157894736842	32.0
sad	0.8888888888888888	0.49230769230769234	0.6336633663366337	65.0
surprise	0.35365853658536583	0.8787878787878788	0.5043478260869565	66.0
accuracy	0.5152439024390244	0.5152439024390244	0.5152439024390244	0.5152439024390244
macro avg	0.6148029702907751	0.5765272921522921	0.5191173631649914	328.0
weighted avg	0.6008048671864853	0.5152439024390244	0.46851943759998965	328.0
