	precision	recall	f1-score	support
angry	1.0	0.9696969696969697	0.9846153846153847	33.0
happy	0.90625	0.8787878787878788	0.8923076923076922	66.0
neutral	0.9027777777777778	0.9848484848484849	0.9420289855072465	66.0
questioning	1.0	1.0	1.0	32.0
sad	1.0	0.9538461538461539	0.9763779527559054	65.0
surprise	0.9393939393939394	0.9393939393939394	0.9393939393939394	66.0
accuracy	0.948170731707317	0.948170731707317	0.948170731707317	0.948170731707317
macro avg	0.9580702861952862	0.9544289044289044	0.9557873257633615	328.0
weighted avg	0.9493775406504066	0.948170731707317	0.9482411443817913	328.0
