	precision	recall	f1-score	support
angry	0.9705882352941176	1.0	0.9850746268656716	33.0
happy	0.9393939393939394	0.9393939393939394	0.9393939393939394	66.0
neutral	0.9565217391304348	1.0	0.9777777777777777	66.0
questioning	0.9696969696969697	1.0	0.9846153846153847	32.0
sad	1.0	0.9846153846153847	0.9922480620155039	65.0
surprise	1.0	0.9393939393939394	0.96875	66.0
accuracy	0.9725609756097561	0.9725609756097561	0.9725609756097561	0.9725609756097561
macro avg	0.9727001472525769	0.9772338772338772	0.9746432984447129	328.0
weighted avg	0.973140699931761	0.9725609756097561	0.9725064401176846	328.0
