	precision	recall	f1-score	support
angry	0.8	0.7272727272727273	0.761904761904762	33.0
happy	0.7192982456140351	0.6212121212121212	0.6666666666666667	66.0
neutral	0.8518518518518519	0.696969696969697	0.7666666666666667	66.0
questioning	1.0	0.03125	0.06060606060606061	32.0
sad	0.8181818181818182	0.9692307692307692	0.8873239436619719	65.0
surprise	0.5779816513761468	0.9545454545454546	0.7200000000000001	66.0
accuracy	0.725609756097561	0.725609756097561	0.725609756097561	0.725609756097561
macro avg	0.794552261170642	0.6667467948717949	0.6438613499176881	328.0
weighted avg	0.7726357122115622	0.725609756097561	0.6917021567691441	328.0
