	precision	recall	f1-score	support
angry	0.9310344827586207	0.8181818181818182	0.8709677419354839	33.0
happy	0.828125	0.803030303030303	0.8153846153846153	66.0
neutral	0.821917808219178	0.9090909090909091	0.8633093525179857	66.0
questioning	1.0	0.96875	0.9841269841269841	32.0
sad	0.9672131147540983	0.9076923076923077	0.9365079365079365	65.0
surprise	0.9	0.9545454545454546	0.9264705882352942	66.0
accuracy	0.8932926829268293	0.8932926829268293	0.8932926829268293	0.8932926829268293
macro avg	0.9080484009553164	0.8935484654234654	0.89946120311805	328.0
weighted avg	0.8960238284527945	0.8932926829268293	0.8934386449818641	328.0
