	precision	recall	f1-score	support
angry	0.90625	0.8787878787878788	0.8923076923076922	33.0
happy	0.8450704225352113	0.9090909090909091	0.8759124087591241	66.0
neutral	0.8985507246376812	0.9393939393939394	0.9185185185185185	66.0
questioning	0.8571428571428571	0.1875	0.30769230769230765	32.0
sad	0.9508196721311475	0.8923076923076924	0.9206349206349206	65.0
surprise	0.6931818181818182	0.9242424242424242	0.7922077922077921	66.0
accuracy	0.8414634146341463	0.8414634146341463	0.8414634146341463	0.8414634146341463
macro avg	0.8585025824381193	0.7885538073038073	0.7845456066867259	328.0
weighted avg	0.8535582189954478	0.8414634146341463	0.8227186982305373	328.0
