	precision	recall	f1-score	support
angry	0.8918918918918919	1.0	0.9428571428571428	33.0
happy	0.9516129032258065	0.8939393939393939	0.921875	66.0
neutral	0.9130434782608695	0.9545454545454546	0.9333333333333332	66.0
questioning	1.0	1.0	1.0	32.0
sad	1.0	0.9538461538461539	0.9763779527559054	65.0
surprise	0.9545454545454546	0.9545454545454546	0.9545454545454546	66.0
accuracy	0.9512195121951219	0.9512195121951219	0.9512195121951219	0.9512195121951219
macro avg	0.9518489546540039	0.9594794094794095	0.9548314805819725	328.0
weighted avg	0.9527431512516862	0.9512195121951219	0.9512884226933525	328.0
