	precision	recall	f1-score	support
angry	0.967741935483871	0.9090909090909091	0.9374999999999999	33.0
happy	0.8484848484848485	0.8484848484848485	0.8484848484848486	66.0
neutral	0.8472222222222222	0.9242424242424242	0.8840579710144927	66.0
questioning	1.0	0.96875	0.9841269841269841	32.0
sad	0.9682539682539683	0.9384615384615385	0.953125	65.0
surprise	0.9384615384615385	0.9242424242424242	0.9312977099236641	66.0
accuracy	0.9146341463414634	0.9146341463414634	0.9146341463414634	0.9146341463414634
macro avg	0.9283607521510748	0.9188786907536907	0.9230987522583316	328.0
weighted avg	0.9168509756481824	0.9146341463414634	0.915232205591408	328.0
